DV_ENC,1975,1,63.31
DV_ENC,1975,2,62.72
DV_ENC,1975,3,63.56
DV_ENC,1975,4,64.95
DV_ENC,1976,1,64.83
DV_ENC,1976,2,66.95
DV_ENC,1976,3,68.56
DV_ENC,1976,4,70
DV_ENC,1977,1,72.74
DV_ENC,1977,2,74.55
DV_ENC,1977,3,76.86
DV_ENC,1977,4,80.16
DV_ENC,1978,1,82.56
DV_ENC,1978,2,86.95
DV_ENC,1978,3,89.73
DV_ENC,1978,4,92.27
DV_ENC,1979,1,94.79
DV_ENC,1979,2,98.36
DV_ENC,1979,3,99.2
DV_ENC,1979,4,99.75
DV_ENC,1980,1,100
DV_ENC,1980,2,100.27
DV_ENC,1980,3,102.51
DV_ENC,1980,4,101.57
DV_ENC,1981,1,102.73
DV_ENC,1981,2,104.25
DV_ENC,1981,3,104.89
DV_ENC,1981,4,103.81
DV_ENC,1982,1,101.49
DV_ENC,1982,2,100.58
DV_ENC,1982,3,100.44
DV_ENC,1982,4,99.29
DV_ENC,1983,1,102.29
DV_ENC,1983,2,103.98
DV_ENC,1983,3,104.36
DV_ENC,1983,4,103.93
DV_ENC,1984,1,104.76
DV_ENC,1984,2,106.16
DV_ENC,1984,3,106.26
DV_ENC,1984,4,106.83
DV_ENC,1985,1,108.09
DV_ENC,1985,2,109.41
DV_ENC,1985,3,110.77
DV_ENC,1985,4,111.98
DV_ENC,1986,1,113.52
DV_ENC,1986,2,115.83
DV_ENC,1986,3,118.05
DV_ENC,1986,4,120.01
DV_ENC,1987,1,122.25
DV_ENC,1987,2,125.27
DV_ENC,1987,3,127.7
DV_ENC,1987,4,129.18
DV_ENC,1988,1,131.33
DV_ENC,1988,2,134.37
DV_ENC,1988,3,136.28
DV_ENC,1988,4,137.49
DV_ENC,1989,1,139.5
DV_ENC,1989,2,141.66
DV_ENC,1989,3,144.67
DV_ENC,1989,4,145.65
DV_ENC,1990,1,147.39
DV_ENC,1990,2,149.15
DV_ENC,1990,3,150.77
DV_ENC,1990,4,151.19
DV_ENC,1991,1,153.07
DV_ENC,1991,2,154.95
DV_ENC,1991,3,156.22
DV_ENC,1991,4,158.3
DV_ENC,1992,1,159.74
DV_ENC,1992,2,161.16
DV_ENC,1992,3,162.97
DV_ENC,1992,4,164.42
DV_ENC,1993,1,165.32
DV_ENC,1993,2,166.98
DV_ENC,1993,3,168.84
DV_ENC,1993,4,170.57
DV_ENC,1994,1,172.93
DV_ENC,1994,2,176.09
DV_ENC,1994,3,178.31
DV_ENC,1994,4,179.34
DV_ENC,1995,1,181.45
DV_ENC,1995,2,184.75
DV_ENC,1995,3,187.69
DV_ENC,1995,4,190.05
DV_ENC,1996,1,192.41
DV_ENC,1996,2,194.82
DV_ENC,1996,3,196.99
DV_ENC,1996,4,199.19
DV_ENC,1997,1,201.5
DV_ENC,1997,2,203.82
DV_ENC,1997,3,206.69
DV_ENC,1997,4,209.13
DV_ENC,1998,1,211.21
DV_ENC,1998,2,213.45
DV_ENC,1998,3,216.13
DV_ENC,1998,4,217.97
DV_ENC,1999,1,220.63
DV_ENC,1999,2,223.49
DV_ENC,1999,3,226.04
DV_ENC,1999,4,227.95
DV_ENC,2000,1,231.98
DV_ENC,2000,2,234.86
DV_ENC,2000,3,238.39
DV_ENC,2000,4,241.3
DV_ENC,2001,1,245.33
DV_ENC,2001,2,248.43
DV_ENC,2001,3,251.53
DV_ENC,2001,4,253.69
DV_ENC,2002,1,256.81
DV_ENC,2002,2,259.53
DV_ENC,2002,3,262.31
DV_ENC,2002,4,264.26
DV_ENC,2003,1,266.53
DV_ENC,2003,2,268.63
DV_ENC,2003,3,271.41
DV_ENC,2003,4,276.7
DV_ENC,2004,1,278.77
DV_ENC,2004,2,281.97
DV_ENC,2004,3,287.71
DV_ENC,2004,4,291.04
DV_ENC,2005,1,294.69
DV_ENC,2005,2,298.28
DV_ENC,2005,3,302.41
DV_ENC,2005,4,304.14
DV_ENC,2006,1,305.08
DV_ENC,2006,2,304.01
DV_ENC,2006,3,304.26
DV_ENC,2006,4,306.69
DV_ENC,2007,1,306.89
DV_ENC,2007,2,305.02
DV_ENC,2007,3,300.95
DV_ENC,2007,4,301.27
DV_ENC,2008,1,301.72
DV_ENC,2008,2,295.44
DV_ENC,2008,3,287.2
DV_ENC,2008,4,286.52
DV_ENC,2009,1,289.85
DV_ENC,2009,2,282.28
DV_ENC,2009,3,274.19
DV_ENC,2009,4,272.35
DV_ENC,2010,1,268.28
DV_ENC,2010,2,266.01
DV_ENC,2010,3,269.5
DV_ENC,2010,4,268.39
DV_ENC,2011,1,260.01
DV_ENC,2011,2,256.07
DV_ENC,2011,3,259.46
DV_ENC,2011,4,260.5
DV_ENC,2012,1,257.13
DV_ENC,2012,2,255.64
DV_ENC,2012,3,258.78
DV_ENC,2012,4,259.62
DV_ENC,2013,1,259.65
DV_ENC,2013,2,261.77
DV_ENC,2013,3,264.21
DV_ENC,2013,4,265.45
DV_ENC,2014,1,266.28
DV_ENC,2014,2,272.58
DV_ENC,2014,3,276.67
DV_ENC,2014,4,278.15
DV_ENC,2015,1,279.64
DV_ENC,2015,2,284.36
DV_ESC,1975,1,68.52
DV_ESC,1975,2,68.5
DV_ESC,1975,3,69
DV_ESC,1975,4,69.92
DV_ESC,1976,1,71.49
DV_ESC,1976,2,71.24
DV_ESC,1976,3,71.58
DV_ESC,1976,4,74.12
DV_ESC,1977,1,75.32
DV_ESC,1977,2,77.64
DV_ESC,1977,3,79.92
DV_ESC,1977,4,82.06
DV_ESC,1978,1,84.35
DV_ESC,1978,2,85.32
DV_ESC,1978,3,90.76
DV_ESC,1978,4,92.09
DV_ESC,1979,1,95.57
DV_ESC,1979,2,96.62
DV_ESC,1979,3,99.49
DV_ESC,1979,4,99.94
DV_ESC,1980,1,100
DV_ESC,1980,2,100.73
DV_ESC,1980,3,103.99
DV_ESC,1980,4,104.16
DV_ESC,1981,1,101.92
DV_ESC,1981,2,109.3
DV_ESC,1981,3,108.98
DV_ESC,1981,4,104.85
DV_ESC,1982,1,107.51
DV_ESC,1982,2,107.82
DV_ESC,1982,3,108.07
DV_ESC,1982,4,110.47
DV_ESC,1983,1,112.86
DV_ESC,1983,2,113.03
DV_ESC,1983,3,113.83
DV_ESC,1983,4,114.18
DV_ESC,1984,1,117.22
DV_ESC,1984,2,117.02
DV_ESC,1984,3,116.74
DV_ESC,1984,4,119
DV_ESC,1985,1,120.99
DV_ESC,1985,2,122.69
DV_ESC,1985,3,124.12
DV_ESC,1985,4,125.48
DV_ESC,1986,1,127.16
DV_ESC,1986,2,129.37
DV_ESC,1986,3,130.27
DV_ESC,1986,4,132.29
DV_ESC,1987,1,134.47
DV_ESC,1987,2,135.92
DV_ESC,1987,3,136.56
DV_ESC,1987,4,136.41
DV_ESC,1988,1,138.33
DV_ESC,1988,2,139.44
DV_ESC,1988,3,139.47
DV_ESC,1988,4,139.9
DV_ESC,1989,1,139.71
DV_ESC,1989,2,141.51
DV_ESC,1989,3,143.42
DV_ESC,1989,4,143.82
DV_ESC,1990,1,144.04
DV_ESC,1990,2,144.14
DV_ESC,1990,3,144.84
DV_ESC,1990,4,144.33
DV_ESC,1991,1,146.26
DV_ESC,1991,2,147.14
DV_ESC,1991,3,147.61
DV_ESC,1991,4,150.19
DV_ESC,1992,1,151.51
DV_ESC,1992,2,151.78
DV_ESC,1992,3,154.3
DV_ESC,1992,4,154.99
DV_ESC,1993,1,155.79
DV_ESC,1993,2,157.79
DV_ESC,1993,3,159.84
DV_ESC,1993,4,161.39
DV_ESC,1994,1,163.23
DV_ESC,1994,2,165.96
DV_ESC,1994,3,167.54
DV_ESC,1994,4,168.9
DV_ESC,1995,1,170.59
DV_ESC,1995,2,173.82
DV_ESC,1995,3,176.38
DV_ESC,1995,4,178.3
DV_ESC,1996,1,180.87
DV_ESC,1996,2,181.9
DV_ESC,1996,3,183.75
DV_ESC,1996,4,185.45
DV_ESC,1997,1,187.59
DV_ESC,1997,2,189
DV_ESC,1997,3,191.52
DV_ESC,1997,4,194.1
DV_ESC,1998,1,196.93
DV_ESC,1998,2,198.93
DV_ESC,1998,3,201.09
DV_ESC,1998,4,203.54
DV_ESC,1999,1,205.15
DV_ESC,1999,2,206.57
DV_ESC,1999,3,207.65
DV_ESC,1999,4,208.75
DV_ESC,2000,1,210.69
DV_ESC,2000,2,212.2
DV_ESC,2000,3,214.33
DV_ESC,2000,4,216.62
DV_ESC,2001,1,221.97
DV_ESC,2001,2,223.32
DV_ESC,2001,3,225.01
DV_ESC,2001,4,227.31
DV_ESC,2002,1,228.31
DV_ESC,2002,2,229.04
DV_ESC,2002,3,232.29
DV_ESC,2002,4,234.59
DV_ESC,2003,1,236.44
DV_ESC,2003,2,238.4
DV_ESC,2003,3,240.03
DV_ESC,2003,4,242.44
DV_ESC,2004,1,244.79
DV_ESC,2004,2,247.08
DV_ESC,2004,3,250.71
DV_ESC,2004,4,254.45
DV_ESC,2005,1,257.14
DV_ESC,2005,2,262.29
DV_ESC,2005,3,267.44
DV_ESC,2005,4,271.62
DV_ESC,2006,1,275.9
DV_ESC,2006,2,280.44
DV_ESC,2006,3,283.99
DV_ESC,2006,4,288.86
DV_ESC,2007,1,291.6
DV_ESC,2007,2,294.05
DV_ESC,2007,3,294.28
DV_ESC,2007,4,296.99
DV_ESC,2008,1,298.35
DV_ESC,2008,2,297.24
DV_ESC,2008,3,293.22
DV_ESC,2008,4,294.9
DV_ESC,2009,1,297.2
DV_ESC,2009,2,294.01
DV_ESC,2009,3,288.27
DV_ESC,2009,4,286.76
DV_ESC,2010,1,283.69
DV_ESC,2010,2,281.41
DV_ESC,2010,3,285.11
DV_ESC,2010,4,283.51
DV_ESC,2011,1,277.34
DV_ESC,2011,2,274.4
DV_ESC,2011,3,277.36
DV_ESC,2011,4,278.56
DV_ESC,2012,1,276.6
DV_ESC,2012,2,275.56
DV_ESC,2012,3,277.87
DV_ESC,2012,4,278.43
DV_ESC,2013,1,277.69
DV_ESC,2013,2,278.87
DV_ESC,2013,3,279.47
DV_ESC,2013,4,279.81
DV_ESC,2014,1,281.74
DV_ESC,2014,2,285.9
DV_ESC,2014,3,288.96
DV_ESC,2014,4,291.63
DV_ESC,2015,1,293.48
DV_ESC,2015,2,297.02
DV_MA,1975,1,71.76
DV_MA,1975,2,69.29
DV_MA,1975,3,71.92
DV_MA,1975,4,72.25
DV_MA,1976,1,70.34
DV_MA,1976,2,72.49
DV_MA,1976,3,73.83
DV_MA,1976,4,71.57
DV_MA,1977,1,73.29
DV_MA,1977,2,77.86
DV_MA,1977,3,78.01
DV_MA,1977,4,80.23
DV_MA,1978,1,80.58
DV_MA,1978,2,83.94
DV_MA,1978,3,82.7
DV_MA,1978,4,84.38
DV_MA,1979,1,91.74
DV_MA,1979,2,93.85
DV_MA,1979,3,94.35
DV_MA,1979,4,97.33
DV_MA,1980,1,100
DV_MA,1980,2,101.69
DV_MA,1980,3,106.55
DV_MA,1980,4,105.99
DV_MA,1981,1,106.6
DV_MA,1981,2,106.2
DV_MA,1981,3,109.89
DV_MA,1981,4,108.16
DV_MA,1982,1,116.1
DV_MA,1982,2,118.86
DV_MA,1982,3,114.48
DV_MA,1982,4,115.75
DV_MA,1983,1,117.15
DV_MA,1983,2,120.1
DV_MA,1983,3,123.98
DV_MA,1983,4,128.25
DV_MA,1984,1,130.4
DV_MA,1984,2,135.21
DV_MA,1984,3,139.09
DV_MA,1984,4,142.69
DV_MA,1985,1,146.62
DV_MA,1985,2,152.27
DV_MA,1985,3,157.34
DV_MA,1985,4,162.03
DV_MA,1986,1,167.59
DV_MA,1986,2,174.77
DV_MA,1986,3,182.68
DV_MA,1986,4,190.37
DV_MA,1987,1,198.07
DV_MA,1987,2,206.21
DV_MA,1987,3,215.62
DV_MA,1987,4,220.73
DV_MA,1988,1,225.69
DV_MA,1988,2,231.51
DV_MA,1988,3,234.45
DV_MA,1988,4,235.4
DV_MA,1989,1,236.24
DV_MA,1989,2,236.66
DV_MA,1989,3,239.8
DV_MA,1989,4,241.41
DV_MA,1990,1,240.79
DV_MA,1990,2,238.66
DV_MA,1990,3,237.62
DV_MA,1990,4,235.38
DV_MA,1991,1,235.74
DV_MA,1991,2,236.62
DV_MA,1991,3,236.08
DV_MA,1991,4,238.97
DV_MA,1992,1,241.72
DV_MA,1992,2,239.81
DV_MA,1992,3,242.11
DV_MA,1992,4,243.71
DV_MA,1993,1,241.77
DV_MA,1993,2,245.02
DV_MA,1993,3,245.15
DV_MA,1993,4,246.73
DV_MA,1994,1,245.75
DV_MA,1994,2,243.5
DV_MA,1994,3,241.73
DV_MA,1994,4,238.6
DV_MA,1995,1,237.84
DV_MA,1995,2,241.48
DV_MA,1995,3,245.54
DV_MA,1995,4,245.96
DV_MA,1996,1,249.52
DV_MA,1996,2,247.37
DV_MA,1996,3,246.27
DV_MA,1996,4,246.77
DV_MA,1997,1,247.8
DV_MA,1997,2,249.17
DV_MA,1997,3,251.58
DV_MA,1997,4,254.15
DV_MA,1998,1,258.96
DV_MA,1998,2,260.19
DV_MA,1998,3,261.98
DV_MA,1998,4,265.13
DV_MA,1999,1,267.33
DV_MA,1999,2,270.48
DV_MA,1999,3,275.51
DV_MA,1999,4,278.68
DV_MA,2000,1,283.04
DV_MA,2000,2,289.51
DV_MA,2000,3,295.96
DV_MA,2000,4,300.09
DV_MA,2001,1,307.23
DV_MA,2001,2,313.79
DV_MA,2001,3,320.77
DV_MA,2001,4,325.99
DV_MA,2002,1,333.24
DV_MA,2002,2,342.36
DV_MA,2002,3,351.71
DV_MA,2002,4,358.89
DV_MA,2003,1,365.15
DV_MA,2003,2,371.82
DV_MA,2003,3,379.38
DV_MA,2003,4,395.11
DV_MA,2004,1,402.66
DV_MA,2004,2,414
DV_MA,2004,3,435.14
DV_MA,2004,4,445.55
DV_MA,2005,1,456.94
DV_MA,2005,2,473.38
DV_MA,2005,3,489.55
DV_MA,2005,4,501.3
DV_MA,2006,1,510.46
DV_MA,2006,2,514.67
DV_MA,2006,3,517.35
DV_MA,2006,4,522.86
DV_MA,2007,1,525.9
DV_MA,2007,2,525.29
DV_MA,2007,3,520.09
DV_MA,2007,4,521.12
DV_MA,2008,1,522.94
DV_MA,2008,2,513.57
DV_MA,2008,3,501.67
DV_MA,2008,4,498.32
DV_MA,2009,1,502.31
DV_MA,2009,2,491.48
DV_MA,2009,3,480.18
DV_MA,2009,4,477.21
DV_MA,2010,1,474.18
DV_MA,2010,2,471.51
DV_MA,2010,3,476.91
DV_MA,2010,4,476.16
DV_MA,2011,1,467.96
DV_MA,2011,2,461.06
DV_MA,2011,3,460.39
DV_MA,2011,4,462.93
DV_MA,2012,1,458.39
DV_MA,2012,2,454.78
DV_MA,2012,3,456.82
DV_MA,2012,4,458.22
DV_MA,2013,1,458.8
DV_MA,2013,2,460.38
DV_MA,2013,3,462.88
DV_MA,2013,4,464.41
DV_MA,2014,1,465.77
DV_MA,2014,2,471.9
DV_MA,2014,3,477.23
DV_MA,2014,4,479.58
DV_MA,2015,1,483.37
DV_MA,2015,2,487
DV_MT,1975,1,56.12
DV_MT,1975,2,56.94
DV_MT,1975,3,56.6
DV_MT,1975,4,56.4
DV_MT,1976,1,58.04
DV_MT,1976,2,61.57
DV_MT,1976,3,61.87
DV_MT,1976,4,62.91
DV_MT,1977,1,65.87
DV_MT,1977,2,67.29
DV_MT,1977,3,70.76
DV_MT,1977,4,74.07
DV_MT,1978,1,77.37
DV_MT,1978,2,80.06
DV_MT,1978,3,83.88
DV_MT,1978,4,86.81
DV_MT,1979,1,91.35
DV_MT,1979,2,94.58
DV_MT,1979,3,96.6
DV_MT,1979,4,99.31
DV_MT,1980,1,100
DV_MT,1980,2,99.26
DV_MT,1980,3,105.22
DV_MT,1980,4,104.96
DV_MT,1981,1,106.22
DV_MT,1981,2,109.21
DV_MT,1981,3,113.82
DV_MT,1981,4,112.97
DV_MT,1982,1,112.75
DV_MT,1982,2,116.49
DV_MT,1982,3,115.38
DV_MT,1982,4,119.13
DV_MT,1983,1,120.81
DV_MT,1983,2,119.45
DV_MT,1983,3,118.8
DV_MT,1983,4,117.65
DV_MT,1984,1,120.59
DV_MT,1984,2,120.86
DV_MT,1984,3,121.57
DV_MT,1984,4,120.85
DV_MT,1985,1,122.59
DV_MT,1985,2,122.55
DV_MT,1985,3,123.94
DV_MT,1985,4,123.48
DV_MT,1986,1,126.38
DV_MT,1986,2,127.71
DV_MT,1986,3,127.33
DV_MT,1986,4,126.7
DV_MT,1987,1,128.45
DV_MT,1987,2,127.2
DV_MT,1987,3,124.8
DV_MT,1987,4,122.9
DV_MT,1988,1,124.26
DV_MT,1988,2,124.58
DV_MT,1988,3,124.29
DV_MT,1988,4,124
DV_MT,1989,1,124
DV_MT,1989,2,124.84
DV_MT,1989,3,127.03
DV_MT,1989,4,127.21
DV_MT,1990,1,127.58
DV_MT,1990,2,128.5
DV_MT,1990,3,130.49
DV_MT,1990,4,130.22
DV_MT,1991,1,132.07
DV_MT,1991,2,133.78
DV_MT,1991,3,134.53
DV_MT,1991,4,137.54
DV_MT,1992,1,139.33
DV_MT,1992,2,140.66
DV_MT,1992,3,142.85
DV_MT,1992,4,145.23
DV_MT,1993,1,146.76
DV_MT,1993,2,149.97
DV_MT,1993,3,153.06
DV_MT,1993,4,156.28
DV_MT,1994,1,159.66
DV_MT,1994,2,164.72
DV_MT,1994,3,167.98
DV_MT,1994,4,169.59
DV_MT,1995,1,171.94
DV_MT,1995,2,175.64
DV_MT,1995,3,179.26
DV_MT,1995,4,181.55
DV_MT,1996,1,184.12
DV_MT,1996,2,184.98
DV_MT,1996,3,186.55
DV_MT,1996,4,188.48
DV_MT,1997,1,190.25
DV_MT,1997,2,191.69
DV_MT,1997,3,194.6
DV_MT,1997,4,197.27
DV_MT,1998,1,199.62
DV_MT,1998,2,201.04
DV_MT,1998,3,203.41
DV_MT,1998,4,205.5
DV_MT,1999,1,207.47
DV_MT,1999,2,209.87
DV_MT,1999,3,212.3
DV_MT,1999,4,213.95
DV_MT,2000,1,218.03
DV_MT,2000,2,220.61
DV_MT,2000,3,223.81
DV_MT,2000,4,227.37
DV_MT,2001,1,232.69
DV_MT,2001,2,235.87
DV_MT,2001,3,238.82
DV_MT,2001,4,241.12
DV_MT,2002,1,243.61
DV_MT,2002,2,246.16
DV_MT,2002,3,250.19
DV_MT,2002,4,252.4
DV_MT,2003,1,254.7
DV_MT,2003,2,257.24
DV_MT,2003,3,260.39
DV_MT,2003,4,266.61
DV_MT,2004,1,271.06
DV_MT,2004,2,278.83
DV_MT,2004,3,290.87
DV_MT,2004,4,298.29
DV_MT,2005,1,307.92
DV_MT,2005,2,324.31
DV_MT,2005,3,339.33
DV_MT,2005,4,352.44
DV_MT,2006,1,361.32
DV_MT,2006,2,368.88
DV_MT,2006,3,374.76
DV_MT,2006,4,379.95
DV_MT,2007,1,382.39
DV_MT,2007,2,382.62
DV_MT,2007,3,379
DV_MT,2007,4,376.96
DV_MT,2008,1,371.64
DV_MT,2008,2,359.88
DV_MT,2008,3,343.32
DV_MT,2008,4,337.92
DV_MT,2009,1,339.03
DV_MT,2009,2,324.2
DV_MT,2009,3,310.87
DV_MT,2009,4,305.79
DV_MT,2010,1,299.58
DV_MT,2010,2,293.02
DV_MT,2010,3,294.56
DV_MT,2010,4,290.09
DV_MT,2011,1,277.96
DV_MT,2011,2,269.2
DV_MT,2011,3,271.78
DV_MT,2011,4,274.32
DV_MT,2012,1,272.77
DV_MT,2012,2,273.53
DV_MT,2012,3,279.88
DV_MT,2012,4,285.19
DV_MT,2013,1,290.09
DV_MT,2013,2,298.89
DV_MT,2013,3,308.01
DV_MT,2013,4,314.13
DV_MT,2014,1,318.93
DV_MT,2014,2,326.34
DV_MT,2014,3,331.94
DV_MT,2014,4,336.42
DV_MT,2015,1,339.63
DV_MT,2015,2,348.75
DV_NE,1975,1,59.07
DV_NE,1975,2,65.14
DV_NE,1975,3,62.65
DV_NE,1975,4,64.87
DV_NE,1976,1,63.55
DV_NE,1976,2,64.47
DV_NE,1976,3,69.7
DV_NE,1976,4,69.29
DV_NE,1977,1,69.24
DV_NE,1977,2,71.08
DV_NE,1977,3,73.71
DV_NE,1977,4,75.17
DV_NE,1978,1,77.73
DV_NE,1978,2,81.16
DV_NE,1978,3,86.73
DV_NE,1978,4,88.29
DV_NE,1979,1,94.44
DV_NE,1979,2,95.81
DV_NE,1979,3,98.12
DV_NE,1979,4,100.96
DV_NE,1980,1,100
DV_NE,1980,2,102.73
DV_NE,1980,3,106.72
DV_NE,1980,4,106.6
DV_NE,1981,1,109.28
DV_NE,1981,2,114.01
DV_NE,1981,3,114.63
DV_NE,1981,4,113.59
DV_NE,1982,1,118.31
DV_NE,1982,2,121.49
DV_NE,1982,3,119.96
DV_NE,1982,4,122.02
DV_NE,1983,1,125.29
DV_NE,1983,2,129.29
DV_NE,1983,3,134.33
DV_NE,1983,4,138.84
DV_NE,1984,1,143.74
DV_NE,1984,2,149.54
DV_NE,1984,3,156.43
DV_NE,1984,4,159.61
DV_NE,1985,1,166.68
DV_NE,1985,2,176.56
DV_NE,1985,3,184.63
DV_NE,1985,4,195.36
DV_NE,1986,1,202.31
DV_NE,1986,2,212.21
DV_NE,1986,3,224.02
DV_NE,1986,4,236.7
DV_NE,1987,1,246.68
DV_NE,1987,2,256.12
DV_NE,1987,3,266.14
DV_NE,1987,4,272.2
DV_NE,1988,1,276.48
DV_NE,1988,2,281.43
DV_NE,1988,3,282.13
DV_NE,1988,4,283.52
DV_NE,1989,1,282.18
DV_NE,1989,2,281.91
DV_NE,1989,3,285.42
DV_NE,1989,4,285.93
DV_NE,1990,1,282.02
DV_NE,1990,2,274.64
DV_NE,1990,3,270.67
DV_NE,1990,4,265.42
DV_NE,1991,1,262.85
DV_NE,1991,2,260.53
DV_NE,1991,3,257.14
DV_NE,1991,4,259.55
DV_NE,1992,1,259.49
DV_NE,1992,2,255.62
DV_NE,1992,3,256.57
DV_NE,1992,4,257.06
DV_NE,1993,1,254.64
DV_NE,1993,2,256.19
DV_NE,1993,3,256.35
DV_NE,1993,4,257.72
DV_NE,1994,1,257.32
DV_NE,1994,2,253.01
DV_NE,1994,3,251.26
DV_NE,1994,4,248.98
DV_NE,1995,1,249.53
DV_NE,1995,2,253.53
DV_NE,1995,3,258.16
DV_NE,1995,4,259.44
DV_NE,1996,1,262.9
DV_NE,1996,2,261.08
DV_NE,1996,3,260.58
DV_NE,1996,4,263.13
DV_NE,1997,1,264.9
DV_NE,1997,2,267.15
DV_NE,1997,3,270.82
DV_NE,1997,4,274.35
DV_NE,1998,1,278.85
DV_NE,1998,2,282
DV_NE,1998,3,286.99
DV_NE,1998,4,291.04
DV_NE,1999,1,295.55
DV_NE,1999,2,302.34
DV_NE,1999,3,311.46
DV_NE,1999,4,316.77
DV_NE,2000,1,326.93
DV_NE,2000,2,336.57
DV_NE,2000,3,346.61
DV_NE,2000,4,353.81
DV_NE,2001,1,362.74
DV_NE,2001,2,372.43
DV_NE,2001,3,383.94
DV_NE,2001,4,390.99
DV_NE,2002,1,401.29
DV_NE,2002,2,414.89
DV_NE,2002,3,426.85
DV_NE,2002,4,435.98
DV_NE,2003,1,443.68
DV_NE,2003,2,451.02
DV_NE,2003,3,461.81
DV_NE,2003,4,481.27
DV_NE,2004,1,489.81
DV_NE,2004,2,503.73
DV_NE,2004,3,529.31
DV_NE,2004,4,539.31
DV_NE,2005,1,552.44
DV_NE,2005,2,567.76
DV_NE,2005,3,580.33
DV_NE,2005,4,587.77
DV_NE,2006,1,592.17
DV_NE,2006,2,589.85
DV_NE,2006,3,588.55
DV_NE,2006,4,592
DV_NE,2007,1,591.82
DV_NE,2007,2,585.57
DV_NE,2007,3,577.88
DV_NE,2007,4,578.42
DV_NE,2008,1,577.68
DV_NE,2008,2,562.46
DV_NE,2008,3,547.35
DV_NE,2008,4,545.35
DV_NE,2009,1,547.74
DV_NE,2009,2,532.74
DV_NE,2009,3,521.28
DV_NE,2009,4,520.03
DV_NE,2010,1,515.86
DV_NE,2010,2,512.2
DV_NE,2010,3,517.07
DV_NE,2010,4,516.93
DV_NE,2011,1,507.28
DV_NE,2011,2,499.46
DV_NE,2011,3,502.4
DV_NE,2011,4,504.71
DV_NE,2012,1,499.41
DV_NE,2012,2,496.24
DV_NE,2012,3,498.44
DV_NE,2012,4,500.49
DV_NE,2013,1,500.72
DV_NE,2013,2,502.61
DV_NE,2013,3,506.36
DV_NE,2013,4,507.31
DV_NE,2014,1,508.75
DV_NE,2014,2,517.29
DV_NE,2014,3,524.51
DV_NE,2014,4,526.63
DV_NE,2015,1,529.83
DV_NE,2015,2,536.06
DV_PAC,1975,1,43.47
DV_PAC,1975,2,44.46
DV_PAC,1975,3,46.15
DV_PAC,1975,4,47.17
DV_PAC,1976,1,49.2
DV_PAC,1976,2,51.57
DV_PAC,1976,3,54.67
DV_PAC,1976,4,56.65
DV_PAC,1977,1,59.15
DV_PAC,1977,2,63.47
DV_PAC,1977,3,68.34
DV_PAC,1977,4,71.15
DV_PAC,1978,1,73.78
DV_PAC,1978,2,77.09
DV_PAC,1978,3,80.03
DV_PAC,1978,4,83.16
DV_PAC,1979,1,86.13
DV_PAC,1979,2,90
DV_PAC,1979,3,93.92
DV_PAC,1979,4,96.83
DV_PAC,1980,1,100
DV_PAC,1980,2,101.81
DV_PAC,1980,3,105.43
DV_PAC,1980,4,106.76
DV_PAC,1981,1,107.5
DV_PAC,1981,2,110.14
DV_PAC,1981,3,112.21
DV_PAC,1981,4,111.51
DV_PAC,1982,1,114.31
DV_PAC,1982,2,113.71
DV_PAC,1982,3,113.73
DV_PAC,1982,4,115.06
DV_PAC,1983,1,115.95
DV_PAC,1983,2,116.05
DV_PAC,1983,3,115.76
DV_PAC,1983,4,115.91
DV_PAC,1984,1,117.69
DV_PAC,1984,2,118.21
DV_PAC,1984,3,119.34
DV_PAC,1984,4,120.67
DV_PAC,1985,1,121.81
DV_PAC,1985,2,123.07
DV_PAC,1985,3,125.2
DV_PAC,1985,4,126.25
DV_PAC,1986,1,127.82
DV_PAC,1986,2,129.81
DV_PAC,1986,3,132.01
DV_PAC,1986,4,134.31
DV_PAC,1987,1,137.35
DV_PAC,1987,2,139.91
DV_PAC,1987,3,143.04
DV_PAC,1987,4,145.85
DV_PAC,1988,1,150.95
DV_PAC,1988,2,155.98
DV_PAC,1988,3,162.65
DV_PAC,1988,4,169.8
DV_PAC,1989,1,176.95
DV_PAC,1989,2,184.46
DV_PAC,1989,3,194.21
DV_PAC,1989,4,200.93
DV_PAC,1990,1,205.75
DV_PAC,1990,2,209.61
DV_PAC,1990,3,212.58
DV_PAC,1990,4,212.31
DV_PAC,1991,1,213.5
DV_PAC,1991,2,213.37
DV_PAC,1991,3,213.96
DV_PAC,1991,4,216.28
DV_PAC,1992,1,216
DV_PAC,1992,2,214.96
DV_PAC,1992,3,215.66
DV_PAC,1992,4,214.95
DV_PAC,1993,1,212.92
DV_PAC,1993,2,212.39
DV_PAC,1993,3,212.03
DV_PAC,1993,4,211.94
DV_PAC,1994,1,211.36
DV_PAC,1994,2,209.02
DV_PAC,1994,3,207.62
DV_PAC,1994,4,205.47
DV_PAC,1995,1,205.29
DV_PAC,1995,2,207.61
DV_PAC,1995,3,210.25
DV_PAC,1995,4,210.63
DV_PAC,1996,1,211.26
DV_PAC,1996,2,209.59
DV_PAC,1996,3,209.66
DV_PAC,1996,4,210.98
DV_PAC,1997,1,212.24
DV_PAC,1997,2,214.29
DV_PAC,1997,3,218.49
DV_PAC,1997,4,221.87
DV_PAC,1998,1,226.24
DV_PAC,1998,2,230.47
DV_PAC,1998,3,235.71
DV_PAC,1998,4,239.52
DV_PAC,1999,1,242.64
DV_PAC,1999,2,246.44
DV_PAC,1999,3,250.83
DV_PAC,1999,4,255
DV_PAC,2000,1,263.96
DV_PAC,2000,2,269.66
DV_PAC,2000,3,276.99
DV_PAC,2000,4,284.07
DV_PAC,2001,1,293.92
DV_PAC,2001,2,301.36
DV_PAC,2001,3,306.81
DV_PAC,2001,4,310.54
DV_PAC,2002,1,317.6
DV_PAC,2002,2,326.36
DV_PAC,2002,3,336.5
DV_PAC,2002,4,344.26
DV_PAC,2003,1,350.95
DV_PAC,2003,2,356.67
DV_PAC,2003,3,366.73
DV_PAC,2003,4,386.38
DV_PAC,2004,1,397
DV_PAC,2004,2,418.25
DV_PAC,2004,3,454.04
DV_PAC,2004,4,469.38
DV_PAC,2005,1,488.36
DV_PAC,2005,2,515.94
DV_PAC,2005,3,541.14
DV_PAC,2005,4,565.02
DV_PAC,2006,1,578.98
DV_PAC,2006,2,588.28
DV_PAC,2006,3,594.07
DV_PAC,2006,4,594.54
DV_PAC,2007,1,591.28
DV_PAC,2007,2,585.94
DV_PAC,2007,3,570.8
DV_PAC,2007,4,555.46
DV_PAC,2008,1,533.41
DV_PAC,2008,2,500.38
DV_PAC,2008,3,469.87
DV_PAC,2008,4,457.06
DV_PAC,2009,1,453.13
DV_PAC,2009,2,433.21
DV_PAC,2009,3,422.36
DV_PAC,2009,4,421.67
DV_PAC,2010,1,417.68
DV_PAC,2010,2,415.59
DV_PAC,2010,3,417.18
DV_PAC,2010,4,412.22
DV_PAC,2011,1,398.08
DV_PAC,2011,2,391.18
DV_PAC,2011,3,392.86
DV_PAC,2011,4,392.4
DV_PAC,2012,1,387.72
DV_PAC,2012,2,387.66
DV_PAC,2012,3,395.58
DV_PAC,2012,4,402.87
DV_PAC,2013,1,410.22
DV_PAC,2013,2,426.47
DV_PAC,2013,3,446.7
DV_PAC,2013,4,459.11
DV_PAC,2014,1,467.83
DV_PAC,2014,2,480.79
DV_PAC,2014,3,491
DV_PAC,2014,4,496.72
DV_PAC,2015,1,500.99
DV_PAC,2015,2,514.09
DV_SA,1975,1,65.24
DV_SA,1975,2,70.73
DV_SA,1975,3,68.62
DV_SA,1975,4,68.74
DV_SA,1976,1,68.29
DV_SA,1976,2,71.98
DV_SA,1976,3,71.62
DV_SA,1976,4,72.21
DV_SA,1977,1,72.98
DV_SA,1977,2,76.53
DV_SA,1977,3,76.19
DV_SA,1977,4,78.82
DV_SA,1978,1,81.5
DV_SA,1978,2,83.65
DV_SA,1978,3,85.51
DV_SA,1978,4,86.91
DV_SA,1979,1,89.81
DV_SA,1979,2,92.31
DV_SA,1979,3,94.59
DV_SA,1979,4,97.27
DV_SA,1980,1,100
DV_SA,1980,2,101.22
DV_SA,1980,3,104.23
DV_SA,1980,4,106.46
DV_SA,1981,1,108.74
DV_SA,1981,2,108.55
DV_SA,1981,3,109.84
DV_SA,1981,4,111.28
DV_SA,1982,1,113.1
DV_SA,1982,2,114.31
DV_SA,1982,3,112.66
DV_SA,1982,4,114.77
DV_SA,1983,1,117.06
DV_SA,1983,2,117.25
DV_SA,1983,3,119.13
DV_SA,1983,4,119.02
DV_SA,1984,1,121.66
DV_SA,1984,2,123.22
DV_SA,1984,3,123.58
DV_SA,1984,4,124.33
DV_SA,1985,1,126.76
DV_SA,1985,2,127.83
DV_SA,1985,3,129.66
DV_SA,1985,4,130.61
DV_SA,1986,1,133.02
DV_SA,1986,2,135.55
DV_SA,1986,3,137.36
DV_SA,1986,4,139.18
DV_SA,1987,1,141.3
DV_SA,1987,2,143.63
DV_SA,1987,3,145.71
DV_SA,1987,4,147.2
DV_SA,1988,1,149.47
DV_SA,1988,2,152.74
DV_SA,1988,3,154.39
DV_SA,1988,4,155.7
DV_SA,1989,1,157.41
DV_SA,1989,2,159.16
DV_SA,1989,3,161.56
DV_SA,1989,4,162.63
DV_SA,1990,1,163.3
DV_SA,1990,2,163.18
DV_SA,1990,3,164.19
DV_SA,1990,4,163.3
DV_SA,1991,1,164.82
DV_SA,1991,2,165.87
DV_SA,1991,3,165.51
DV_SA,1991,4,168.3
DV_SA,1992,1,169.56
DV_SA,1992,2,169.06
DV_SA,1992,3,171.5
DV_SA,1992,4,172.03
DV_SA,1993,1,172.11
DV_SA,1993,2,173.74
DV_SA,1993,3,175.07
DV_SA,1993,4,176.31
DV_SA,1994,1,176.94
DV_SA,1994,2,177.17
DV_SA,1994,3,177.84
DV_SA,1994,4,178.03
DV_SA,1995,1,178.84
DV_SA,1995,2,181.33
DV_SA,1995,3,184.14
DV_SA,1995,4,185.84
DV_SA,1996,1,188.02
DV_SA,1996,2,188.05
DV_SA,1996,3,188.69
DV_SA,1996,4,190.11
DV_SA,1997,1,192.03
DV_SA,1997,2,193.06
DV_SA,1997,3,195.67
DV_SA,1997,4,198.41
DV_SA,1998,1,201.54
DV_SA,1998,2,202.31
DV_SA,1998,3,204.87
DV_SA,1998,4,207.43
DV_SA,1999,1,209.41
DV_SA,1999,2,211.49
DV_SA,1999,3,213.97
DV_SA,1999,4,216.06
DV_SA,2000,1,219.3
DV_SA,2000,2,222.7
DV_SA,2000,3,226.43
DV_SA,2000,4,230.11
DV_SA,2001,1,236.12
DV_SA,2001,2,240.24
DV_SA,2001,3,244.28
DV_SA,2001,4,248.15
DV_SA,2002,1,251.72
DV_SA,2002,2,256.47
DV_SA,2002,3,262.07
DV_SA,2002,4,266.04
DV_SA,2003,1,269.63
DV_SA,2003,2,273.73
DV_SA,2003,3,278.13
DV_SA,2003,4,286.29
DV_SA,2004,1,292.36
DV_SA,2004,2,300.44
DV_SA,2004,3,312.72
DV_SA,2004,4,321.93
DV_SA,2005,1,332.58
DV_SA,2005,2,346.83
DV_SA,2005,3,361.46
DV_SA,2005,4,372.81
DV_SA,2006,1,381.93
DV_SA,2006,2,387.7
DV_SA,2006,3,391.92
DV_SA,2006,4,397.47
DV_SA,2007,1,398.98
DV_SA,2007,2,398.7
DV_SA,2007,3,393.15
DV_SA,2007,4,391.38
DV_SA,2008,1,386.87
DV_SA,2008,2,375.02
DV_SA,2008,3,359.96
DV_SA,2008,4,353.41
DV_SA,2009,1,357.8
DV_SA,2009,2,346.17
DV_SA,2009,3,333.12
DV_SA,2009,4,328.23
DV_SA,2010,1,322.92
DV_SA,2010,2,317.54
DV_SA,2010,3,320.88
DV_SA,2010,4,317.37
DV_SA,2011,1,306.7
DV_SA,2011,2,298.92
DV_SA,2011,3,301.69
DV_SA,2011,4,303.58
DV_SA,2012,1,298.35
DV_SA,2012,2,295.76
DV_SA,2012,3,300.35
DV_SA,2012,4,302.84
DV_SA,2013,1,303.95
DV_SA,2013,2,309.47
DV_SA,2013,3,313.23
DV_SA,2013,4,316.71
DV_SA,2014,1,320.09
DV_SA,2014,2,327.51
DV_SA,2014,3,332.64
DV_SA,2014,4,336.19
DV_SA,2015,1,340.27
DV_SA,2015,2,347.27
DV_WNC,1975,1,60.31
DV_WNC,1975,2,63.2
DV_WNC,1975,3,61.89
DV_WNC,1975,4,63.38
DV_WNC,1976,1,65.34
DV_WNC,1976,2,69.11
DV_WNC,1976,3,67.96
DV_WNC,1976,4,68.46
DV_WNC,1977,1,70.36
DV_WNC,1977,2,75.56
DV_WNC,1977,3,76.79
DV_WNC,1977,4,79.04
DV_WNC,1978,1,81.22
DV_WNC,1978,2,86.87
DV_WNC,1978,3,88.25
DV_WNC,1978,4,89.81
DV_WNC,1979,1,93.72
DV_WNC,1979,2,97.38
DV_WNC,1979,3,98.43
DV_WNC,1979,4,99.13
DV_WNC,1980,1,100
DV_WNC,1980,2,104.52
DV_WNC,1980,3,103.87
DV_WNC,1980,4,102.92
DV_WNC,1981,1,100.18
DV_WNC,1981,2,100.73
DV_WNC,1981,3,101.04
DV_WNC,1981,4,103.72
DV_WNC,1982,1,101.97
DV_WNC,1982,2,103.79
DV_WNC,1982,3,102.72
DV_WNC,1982,4,105.51
DV_WNC,1983,1,107.33
DV_WNC,1983,2,109.99
DV_WNC,1983,3,109.31
DV_WNC,1983,4,110.12
DV_WNC,1984,1,111.83
DV_WNC,1984,2,112.67
DV_WNC,1984,3,114.12
DV_WNC,1984,4,113.89
DV_WNC,1985,1,114.97
DV_WNC,1985,2,116.34
DV_WNC,1985,3,117.07
DV_WNC,1985,4,118.08
DV_WNC,1986,1,119.6
DV_WNC,1986,2,120.28
DV_WNC,1986,3,121.77
DV_WNC,1986,4,122.52
DV_WNC,1987,1,124.37
DV_WNC,1987,2,125.68
DV_WNC,1987,3,126.06
DV_WNC,1987,4,125.35
DV_WNC,1988,1,126.34
DV_WNC,1988,2,127.87
DV_WNC,1988,3,128.68
DV_WNC,1988,4,128.8
DV_WNC,1989,1,129.45
DV_WNC,1989,2,130.74
DV_WNC,1989,3,132.16
DV_WNC,1989,4,132.77
DV_WNC,1990,1,133.26
DV_WNC,1990,2,133.84
DV_WNC,1990,3,134.64
DV_WNC,1990,4,134.34
DV_WNC,1991,1,135.94
DV_WNC,1991,2,137.07
DV_WNC,1991,3,137.58
DV_WNC,1991,4,139.42
DV_WNC,1992,1,140.37
DV_WNC,1992,2,141.34
DV_WNC,1992,3,142.96
DV_WNC,1992,4,143.88
DV_WNC,1993,1,144.73
DV_WNC,1993,2,146.27
DV_WNC,1993,3,148.2
DV_WNC,1993,4,149.72
DV_WNC,1994,1,151.61
DV_WNC,1994,2,155.09
DV_WNC,1994,3,157.28
DV_WNC,1994,4,157.9
DV_WNC,1995,1,159.5
DV_WNC,1995,2,162.38
DV_WNC,1995,3,164.59
DV_WNC,1995,4,166.38
DV_WNC,1996,1,168.23
DV_WNC,1996,2,170.14
DV_WNC,1996,3,171.83
DV_WNC,1996,4,173.31
DV_WNC,1997,1,174.85
DV_WNC,1997,2,176.98
DV_WNC,1997,3,179.48
DV_WNC,1997,4,181.59
DV_WNC,1998,1,183.85
DV_WNC,1998,2,185.47
DV_WNC,1998,3,188.18
DV_WNC,1998,4,190.12
DV_WNC,1999,1,192.41
DV_WNC,1999,2,196.08
DV_WNC,1999,3,198.86
DV_WNC,1999,4,200.57
DV_WNC,2000,1,204.2
DV_WNC,2000,2,207.54
DV_WNC,2000,3,210.99
DV_WNC,2000,4,213.57
DV_WNC,2001,1,217.86
DV_WNC,2001,2,221.41
DV_WNC,2001,3,224.91
DV_WNC,2001,4,227.28
DV_WNC,2002,1,230.66
DV_WNC,2002,2,233.87
DV_WNC,2002,3,237.22
DV_WNC,2002,4,239.85
DV_WNC,2003,1,242.02
DV_WNC,2003,2,244.03
DV_WNC,2003,3,247.52
DV_WNC,2003,4,253.23
DV_WNC,2004,1,255.74
DV_WNC,2004,2,259.44
DV_WNC,2004,3,265.24
DV_WNC,2004,4,268.7
DV_WNC,2005,1,272.52
DV_WNC,2005,2,276.99
DV_WNC,2005,3,281.62
DV_WNC,2005,4,284.01
DV_WNC,2006,1,285.51
DV_WNC,2006,2,286.61
DV_WNC,2006,3,288.48
DV_WNC,2006,4,291.03
DV_WNC,2007,1,292.75
DV_WNC,2007,2,293.32
DV_WNC,2007,3,291.18
DV_WNC,2007,4,291.77
DV_WNC,2008,1,293.27
DV_WNC,2008,2,289.27
DV_WNC,2008,3,284.61
DV_WNC,2008,4,285.19
DV_WNC,2009,1,288.38
DV_WNC,2009,2,284.17
DV_WNC,2009,3,278.34
DV_WNC,2009,4,276.93
DV_WNC,2010,1,274.23
DV_WNC,2010,2,273.4
DV_WNC,2010,3,277.08
DV_WNC,2010,4,275.65
DV_WNC,2011,1,269.59
DV_WNC,2011,2,266.05
DV_WNC,2011,3,269.38
DV_WNC,2011,4,271.2
DV_WNC,2012,1,269.06
DV_WNC,2012,2,268.18
DV_WNC,2012,3,270.94
DV_WNC,2012,4,272.62
DV_WNC,2013,1,273.23
DV_WNC,2013,2,275.64
DV_WNC,2013,3,278.74
DV_WNC,2013,4,279.26
DV_WNC,2014,1,280.25
DV_WNC,2014,2,285.45
DV_WNC,2014,3,289.26
DV_WNC,2014,4,290.77
DV_WNC,2015,1,291.92
DV_WNC,2015,2,296.52
DV_WSC,1975,1,55.11
DV_WSC,1975,2,57.1
DV_WSC,1975,3,56.02
DV_WSC,1975,4,57.84
DV_WSC,1976,1,58.78
DV_WSC,1976,2,63.04
DV_WSC,1976,3,62.59
DV_WSC,1976,4,63.86
DV_WSC,1977,1,65.99
DV_WSC,1977,2,69.24
DV_WSC,1977,3,68.95
DV_WSC,1977,4,72.76
DV_WSC,1978,1,75.82
DV_WSC,1978,2,78.28
DV_WSC,1978,3,81.48
DV_WSC,1978,4,85.04
DV_WSC,1979,1,88.92
DV_WSC,1979,2,92.27
DV_WSC,1979,3,95.34
DV_WSC,1979,4,97.17
DV_WSC,1980,1,100
DV_WSC,1980,2,102.46
DV_WSC,1980,3,104.02
DV_WSC,1980,4,105.34
DV_WSC,1981,1,105.71
DV_WSC,1981,2,110.11
DV_WSC,1981,3,113.78
DV_WSC,1981,4,116.36
DV_WSC,1982,1,119.12
DV_WSC,1982,2,120.57
DV_WSC,1982,3,120.58
DV_WSC,1982,4,122.75
DV_WSC,1983,1,123.52
DV_WSC,1983,2,124.28
DV_WSC,1983,3,124.32
DV_WSC,1983,4,124.46
DV_WSC,1984,1,123.49
DV_WSC,1984,2,124.14
DV_WSC,1984,3,125.07
DV_WSC,1984,4,124.62
DV_WSC,1985,1,123.09
DV_WSC,1985,2,123.64
DV_WSC,1985,3,124.14
DV_WSC,1985,4,122.64
DV_WSC,1986,1,125.16
DV_WSC,1986,2,127.01
DV_WSC,1986,3,124.16
DV_WSC,1986,4,122.45
DV_WSC,1987,1,122.77
DV_WSC,1987,2,120.29
DV_WSC,1987,3,115.26
DV_WSC,1987,4,112.49
DV_WSC,1988,1,111.8
DV_WSC,1988,2,113.14
DV_WSC,1988,3,111.07
DV_WSC,1988,4,110.31
DV_WSC,1989,1,110.71
DV_WSC,1989,2,111.52
DV_WSC,1989,3,113.47
DV_WSC,1989,4,112.97
DV_WSC,1990,1,112.72
DV_WSC,1990,2,113.59
DV_WSC,1990,3,114.11
DV_WSC,1990,4,113.54
DV_WSC,1991,1,114.72
DV_WSC,1991,2,116.18
DV_WSC,1991,3,116.44
DV_WSC,1991,4,118.05
DV_WSC,1992,1,119.64
DV_WSC,1992,2,119.45
DV_WSC,1992,3,121.4
DV_WSC,1992,4,122.09
DV_WSC,1993,1,122.62
DV_WSC,1993,2,124.06
DV_WSC,1993,3,125.72
DV_WSC,1993,4,127.15
DV_WSC,1994,1,128.24
DV_WSC,1994,2,129.33
DV_WSC,1994,3,129.65
DV_WSC,1994,4,129.41
DV_WSC,1995,1,129.89
DV_WSC,1995,2,132.29
DV_WSC,1995,3,134
DV_WSC,1995,4,134.97
DV_WSC,1996,1,136.54
DV_WSC,1996,2,136.76
DV_WSC,1996,3,137.25
DV_WSC,1996,4,138.07
DV_WSC,1997,1,138.89
DV_WSC,1997,2,139.97
DV_WSC,1997,3,141.4
DV_WSC,1997,4,143.22
DV_WSC,1998,1,145.33
DV_WSC,1998,2,146.29
DV_WSC,1998,3,148.58
DV_WSC,1998,4,150.27
DV_WSC,1999,1,151.47
DV_WSC,1999,2,153.78
DV_WSC,1999,3,155.85
DV_WSC,1999,4,157.19
DV_WSC,2000,1,159.26
DV_WSC,2000,2,161.38
DV_WSC,2000,3,163.56
DV_WSC,2000,4,165.36
DV_WSC,2001,1,169.79
DV_WSC,2001,2,171.76
DV_WSC,2001,3,173.22
DV_WSC,2001,4,175.11
DV_WSC,2002,1,175.74
DV_WSC,2002,2,177.17
DV_WSC,2002,3,179.94
DV_WSC,2002,4,182.01
DV_WSC,2003,1,183.13
DV_WSC,2003,2,184.53
DV_WSC,2003,3,185.53
DV_WSC,2003,4,187.14
DV_WSC,2004,1,188.52
DV_WSC,2004,2,190.61
DV_WSC,2004,3,192.49
DV_WSC,2004,4,195.04
DV_WSC,2005,1,196.39
DV_WSC,2005,2,199.8
DV_WSC,2005,3,203.29
DV_WSC,2005,4,206.29
DV_WSC,2006,1,209.14
DV_WSC,2006,2,212.7
DV_WSC,2006,3,215.78
DV_WSC,2006,4,218.71
DV_WSC,2007,1,221.38
DV_WSC,2007,2,224.35
DV_WSC,2007,3,225.24
DV_WSC,2007,4,226.97
DV_WSC,2008,1,228.15
DV_WSC,2008,2,228.53
DV_WSC,2008,3,227.23
DV_WSC,2008,4,227.78
DV_WSC,2009,1,230.63
DV_WSC,2009,2,228.85
DV_WSC,2009,3,226.4
DV_WSC,2009,4,226.12
DV_WSC,2010,1,224.41
DV_WSC,2010,2,224.33
DV_WSC,2010,3,226.01
DV_WSC,2010,4,225.1
DV_WSC,2011,1,221.62
DV_WSC,2011,2,220.75
DV_WSC,2011,3,222.15
DV_WSC,2011,4,223.25
DV_WSC,2012,1,223.08
DV_WSC,2012,2,224.15
DV_WSC,2012,3,226.3
DV_WSC,2012,4,227.91
DV_WSC,2013,1,228.87
DV_WSC,2013,2,232.32
DV_WSC,2013,3,235.55
DV_WSC,2013,4,237.41
DV_WSC,2014,1,240.63
DV_WSC,2014,2,246.31
DV_WSC,2014,3,250.27
DV_WSC,2014,4,252.99
DV_WSC,2015,1,256.32
DV_WSC,2015,2,261.9
USA,1975,1,59.67
USA,1975,2,61.16
USA,1975,3,61.28
USA,1975,4,62.31
USA,1976,1,62.82
USA,1976,2,65.51
USA,1976,3,66.59
USA,1976,4,67.45
USA,1977,1,69.36
USA,1977,2,72.67
USA,1977,3,74.38
USA,1977,4,77.18
USA,1978,1,79.53
USA,1978,2,82.77
USA,1978,3,85.26
USA,1978,4,87.52
USA,1979,1,91.41
USA,1979,2,94.35
USA,1979,3,96.4
USA,1979,4,98.31
USA,1980,1,100
USA,1980,2,101.55
USA,1980,3,104.45
USA,1980,4,104.81
USA,1981,1,105.41
USA,1981,2,107.5
USA,1981,3,109.26
USA,1981,4,109.14
USA,1982,1,110.87
USA,1982,2,111.81
USA,1982,3,110.81
USA,1982,4,112.21
USA,1983,1,114.19
USA,1983,2,115.39
USA,1983,3,116.38
USA,1983,4,117.01
USA,1984,1,118.75
USA,1984,2,120.3
USA,1984,3,121.48
USA,1984,4,122.47
USA,1985,1,124.15
USA,1985,2,126.05
USA,1985,3,128.05
USA,1985,4,129.44
USA,1986,1,131.92
USA,1986,2,134.67
USA,1986,3,136.71
USA,1986,4,138.81
USA,1987,1,141.55
USA,1987,2,143.76
USA,1987,3,145.37
USA,1987,4,146.3
USA,1988,1,148.59
USA,1988,2,151.55
USA,1988,3,153.12
USA,1988,4,154.55
USA,1989,1,156.33
USA,1989,2,158.5
USA,1989,3,161.85
USA,1989,4,163.19
USA,1990,1,164.1
USA,1990,2,164.77
USA,1990,3,165.77
USA,1990,4,165.13
USA,1991,1,166.52
USA,1991,2,167.63
USA,1991,3,167.91
USA,1991,4,170.29
USA,1992,1,171.6
USA,1992,2,171.57
USA,1992,3,173.52
USA,1992,4,174.4
USA,1993,1,174.46
USA,1993,2,176.12
USA,1993,3,177.55
USA,1993,4,179.01
USA,1994,1,180.15
USA,1994,2,181.25
USA,1994,3,182.01
USA,1994,4,181.84
USA,1995,1,182.82
USA,1995,2,185.8
USA,1995,3,188.64
USA,1995,4,190.13
USA,1996,1,192.28
USA,1996,2,192.6
USA,1996,3,193.48
USA,1996,4,194.97
USA,1997,1,196.6
USA,1997,2,198.25
USA,1997,3,200.98
USA,1997,4,203.59
USA,1998,1,206.63
USA,1998,2,208.48
USA,1998,3,211.4
USA,1998,4,213.9
USA,1999,1,216.16
USA,1999,2,219.05
USA,1999,3,222.15
USA,1999,4,224.45
USA,2000,1,228.74
USA,2000,2,232.47
USA,2000,3,236.69
USA,2000,4,240.34
USA,2001,1,246.26
USA,2001,2,250.39
USA,2001,3,254.27
USA,2001,4,257.42
USA,2002,1,261.13
USA,2002,2,265.56
USA,2002,3,270.83
USA,2002,4,274.68
USA,2003,1,278.03
USA,2003,2,281.41
USA,2003,3,285.71
USA,2003,4,293.78
USA,2004,1,298.36
USA,2004,2,305.6
USA,2004,3,317.28
USA,2004,4,324.03
USA,2005,1,331.5
USA,2005,2,342.08
USA,2005,3,352.37
USA,2005,4,360.34
USA,2006,1,366.11
USA,2006,2,369.87
USA,2006,3,372.96
USA,2006,4,376.76
USA,2007,1,378.17
USA,2007,2,377.93
USA,2007,3,373.78
USA,2007,4,372.72
USA,2008,1,370.15
USA,2008,2,361.01
USA,2008,3,349.79
USA,2008,4,346.67
USA,2009,1,349.25
USA,2009,2,340
USA,2009,3,331
USA,2009,4,328.64
USA,2010,1,324.69
USA,2010,2,321.84
USA,2010,3,324.97
USA,2010,4,322.66
USA,2011,1,313.75
USA,2011,2,308.47
USA,2011,3,310.94
USA,2011,4,312.39
USA,2012,1,309.16
USA,2012,2,308.08
USA,2012,3,312.07
USA,2012,4,314.62
USA,2013,1,316.28
USA,2013,2,321.39
USA,2013,3,326.71
USA,2013,4,329.98
USA,2014,1,333.05
USA,2014,2,340.27
USA,2014,3,345.52
USA,2014,4,348.54
USA,2015,1,351.57
USA,2015,2,358.12
